﻿{"cameraMode":{"drawMode":0,"name":"Shaded","section":"Shading Mode"},"sceneLighting":false,"audioPlay":false,"sceneViewState":{"showFog":true,"showMaterialUpdate":false,"showSkybox":false,"showFlares":true,"showImageEffects":true,"showParticleSystems":true},"in2DMode":false,"pivot":{"x":1.1911160945892335,"y":2.000000238418579,"z":-1.1911123991012574},"rotation":{"x":-0.22515729069709779,"y":0.7536197900772095,"z":-0.3220151960849762,"w":-0.5269418358802795},"size":23.43033790588379,"orthographic":false}